{
  "J": {
    "bet": 0.2312446617313879,
    "check": 0.7687553382686121
  },
  "Q": {
    "bet": 0.008885913046270405,
    "check": 0.9911140869537295
  },
  "K": {
    "bet": 0.7049627228476176,
    "check": 0.29503727715238237
  }
}